INSERT INTO departements (id, nom, budget, dateCreation) VALUES (1, 'Olivier', 254156.66, '2022-09-23');
INSERT INTO departements (id, nom, budget, dateCreation) VALUES (2, 'Poulain Leclerc S.A.', 336863.42, '2015-03-18');
INSERT INTO departements (id, nom, budget, dateCreation) VALUES (3, 'Delannoy S.A.', 596406.78, '2023-08-11');
INSERT INTO departements (id, nom, budget, dateCreation) VALUES (4, 'Klein', 401174.7, '2020-08-29');
INSERT INTO departements (id, nom, budget, dateCreation) VALUES (5, 'Michaud S.A.S.', 548609.58, '2023-06-11');
INSERT INTO departements (id, nom, budget, dateCreation) VALUES (6, 'Richard Briand SARL', 542636.49, '2022-03-27');
INSERT INTO departements (id, nom, budget, dateCreation) VALUES (7, 'Pelletier', 571187.47, '2016-12-07');
INSERT INTO departements (id, nom, budget, dateCreation) VALUES (8, 'Grégoire Le Gall S.A.', 542550.88, '2019-07-13');
INSERT INTO professeurs (id, nom, prenom, email, departementId) VALUES (1, 'Legendre', 'Margaret', 'monnierantoine@example.com', 3);
INSERT INTO professeurs (id, nom, prenom, email, departementId) VALUES (2, 'Bouchet', 'Constance', 'wvasseur@example.com', 8);
INSERT INTO professeurs (id, nom, prenom, email, departementId) VALUES (3, 'Foucher', 'Noël', 'thierryseguin@example.com', 1);
INSERT INTO professeurs (id, nom, prenom, email, departementId) VALUES (4, 'Barbier', 'Dominique', 'kvasseur@example.org', 7);
INSERT INTO professeurs (id, nom, prenom, email, departementId) VALUES (5, 'Julien', 'Christiane', 'davidalex@example.com', 8);
INSERT INTO professeurs (id, nom, prenom, email, departementId) VALUES (6, 'Lacombe', 'Caroline', 'martinleduc@example.org', 2);
INSERT INTO professeurs (id, nom, prenom, email, departementId) VALUES (7, 'Gautier', 'Édith', 'astrid25@example.net', 2);
INSERT INTO professeurs (id, nom, prenom, email, departementId) VALUES (8, 'Garcia', 'Frédéric', 'nicolas40@example.net', 3);
INSERT INTO professeurs (id, nom, prenom, email, departementId) VALUES (9, 'Renault', 'Paul', 'capucine21@example.org', 7);
INSERT INTO professeurs (id, nom, prenom, email, departementId) VALUES (10, 'Carpentier', 'Marianne', 'adele98@example.net', 8);
INSERT INTO professeurs (id, nom, prenom, email, departementId) VALUES (11, 'Poulain', 'Arnaude', 'qmarques@example.com', 4);
INSERT INTO professeurs (id, nom, prenom, email, departementId) VALUES (12, 'Dias', 'Denis', 'pruvostcaroline@example.net', 7);
INSERT INTO professeurs (id, nom, prenom, email, departementId) VALUES (13, 'Legros', 'Sophie', 'ruizmaurice@example.net', 6);
INSERT INTO professeurs (id, nom, prenom, email, departementId) VALUES (14, 'Bonneau', 'Eugène', 'michele34@example.org', 7);
INSERT INTO professeurs (id, nom, prenom, email, departementId) VALUES (15, 'Hebert', 'Lorraine', 'henriettedias@example.net', 6);
INSERT INTO professeurs (id, nom, prenom, email, departementId) VALUES (16, 'Maillet', 'Chantal', 'josepheric@example.net', 6);
INSERT INTO professeurs (id, nom, prenom, email, departementId) VALUES (17, 'Charrier', 'Christiane', 'claude03@example.net', 2);
INSERT INTO professeurs (id, nom, prenom, email, departementId) VALUES (18, 'Lenoir', 'Monique', 'claudinepeltier@example.net', 7);
INSERT INTO professeurs (id, nom, prenom, email, departementId) VALUES (19, 'Rolland', 'Nathalie', 'bonneauaurore@example.com', 1);
INSERT INTO professeurs (id, nom, prenom, email, departementId) VALUES (20, 'Lévêque', 'Étienne', 'philippinegautier@example.net', 5);
INSERT INTO professeurs (id, nom, prenom, email, departementId) VALUES (21, 'Riou', 'Margot', 'clemencemorvan@example.net', 6);
INSERT INTO professeurs (id, nom, prenom, email, departementId) VALUES (22, 'Moreau', 'Maryse', 'loiseauthibaut@example.com', 4);
INSERT INTO professeurs (id, nom, prenom, email, departementId) VALUES (23, 'Raymond', 'Élisabeth', 'abertin@example.org', 8);
INSERT INTO professeurs (id, nom, prenom, email, departementId) VALUES (24, 'Fernandes', 'Margaret', 'hhubert@example.com', 1);
INSERT INTO professeurs (id, nom, prenom, email, departementId) VALUES (25, 'Rodriguez', 'Joseph', 'juliette99@example.net', 8);
INSERT INTO professeurs (id, nom, prenom, email, departementId) VALUES (26, 'Grondin', 'Susan', 'veronique92@example.net', 1);
INSERT INTO professeurs (id, nom, prenom, email, departementId) VALUES (27, 'Munoz', 'Julie', 'capucine99@example.net', 3);
INSERT INTO professeurs (id, nom, prenom, email, departementId) VALUES (28, 'Fournier', 'Adèle', 'bgay@example.com', 6);
INSERT INTO professeurs (id, nom, prenom, email, departementId) VALUES (29, 'Gauthier', 'Nicolas', 'delahayebenjamin@example.net', 1);
INSERT INTO professeurs (id, nom, prenom, email, departementId) VALUES (30, 'Maréchal', 'Simone', 'andre85@example.com', 2);
INSERT INTO professeurs (id, nom, prenom, email, departementId) VALUES (31, 'Courtois', 'Andrée', 'nicolas96@example.com', 7);
INSERT INTO professeurs (id, nom, prenom, email, departementId) VALUES (32, 'Lucas', 'Gabriel', 'bourdonlouise@example.com', 6);
INSERT INTO professeurs (id, nom, prenom, email, departementId) VALUES (33, 'Hardy', 'Françoise', 'barbierolivier@example.org', 2);
INSERT INTO professeurs (id, nom, prenom, email, departementId) VALUES (34, 'Imbert', 'Édith', 'adrienguillou@example.org', 4);
INSERT INTO professeurs (id, nom, prenom, email, departementId) VALUES (35, 'Perret', 'Michelle', 'lcharrier@example.com', 1);
INSERT INTO professeurs (id, nom, prenom, email, departementId) VALUES (36, 'Payet', 'Marianne', 'nathalieguerin@example.com', 3);
INSERT INTO professeurs (id, nom, prenom, email, departementId) VALUES (37, 'Briand', 'Colette', 'blinmarcelle@example.org', 7);
INSERT INTO professeurs (id, nom, prenom, email, departementId) VALUES (38, 'Carpentier', 'Gabriel', 'laurent90@example.net', 2);
INSERT INTO professeurs (id, nom, prenom, email, departementId) VALUES (39, 'Perez', 'Bernard', 'suzanne45@example.org', 8);
INSERT INTO professeurs (id, nom, prenom, email, departementId) VALUES (40, 'Dumont', 'Laure', 'matthieuallard@example.net', 7);
INSERT INTO professeurs (id, nom, prenom, email, departementId) VALUES (41, 'Weiss', 'Noël', 'moniquede-oliveira@example.net', 5);
INSERT INTO professeurs (id, nom, prenom, email, departementId) VALUES (42, 'Pinto', 'Christiane', 'thibaultwagner@example.net', 3);
INSERT INTO professeurs (id, nom, prenom, email, departementId) VALUES (43, 'Pinto', 'Stéphanie', 'ibrunet@example.com', 7);
INSERT INTO professeurs (id, nom, prenom, email, departementId) VALUES (44, 'De Sousa', 'Catherine', 'laurentbernard@example.com', 2);
INSERT INTO professeurs (id, nom, prenom, email, departementId) VALUES (45, 'Laine', 'Benoît', 'lacombeemilie@example.com', 3);
INSERT INTO professeurs (id, nom, prenom, email, departementId) VALUES (46, 'Becker', 'Pénélope', 'marquescapucine@example.com', 7);
INSERT INTO professeurs (id, nom, prenom, email, departementId) VALUES (47, 'Coste', 'Thérèse', 'marguerite76@example.com', 2);
INSERT INTO professeurs (id, nom, prenom, email, departementId) VALUES (48, 'Courtois', 'Maggie', 'emilieguillaume@example.net', 1);
INSERT INTO professeurs (id, nom, prenom, email, departementId) VALUES (49, 'Bertin', 'Édouard', 'marguerite73@example.net', 4);
INSERT INTO professeurs (id, nom, prenom, email, departementId) VALUES (50, 'Toussaint', 'Robert', 'sauvageguy@example.com', 1);
INSERT INTO etudiants (id, nom, prenom, dateInscription) VALUES (1, 'Roche', 'Franck', '2023-08-10');
INSERT INTO etudiants (id, nom, prenom, dateInscription) VALUES (2, 'Courtois', 'Sébastien', '2022-08-30');
INSERT INTO etudiants (id, nom, prenom, dateInscription) VALUES (3, 'Descamps', 'Franck', '2021-12-05');
INSERT INTO etudiants (id, nom, prenom, dateInscription) VALUES (4, 'Hervé', 'Jérôme', '2024-01-27');
INSERT INTO etudiants (id, nom, prenom, dateInscription) VALUES (5, 'Noël', 'Inès', '2021-07-04');
INSERT INTO etudiants (id, nom, prenom, dateInscription) VALUES (6, 'Peltier', 'Eugène', '2019-07-21');
INSERT INTO etudiants (id, nom, prenom, dateInscription) VALUES (7, 'Mathieu', 'Raymond', '2021-11-02');
INSERT INTO etudiants (id, nom, prenom, dateInscription) VALUES (8, 'Labbé', 'Étienne', '2023-10-16');
INSERT INTO etudiants (id, nom, prenom, dateInscription) VALUES (9, 'François', 'Henriette', '2019-07-26');
INSERT INTO etudiants (id, nom, prenom, dateInscription) VALUES (10, 'Laurent', 'Benjamin', '2021-11-01');
INSERT INTO etudiants (id, nom, prenom, dateInscription) VALUES (11, 'Pineau', 'Adrien', '2023-08-18');
INSERT INTO etudiants (id, nom, prenom, dateInscription) VALUES (12, 'De Sousa', 'Céline', '2022-07-16');
INSERT INTO etudiants (id, nom, prenom, dateInscription) VALUES (13, 'Chauvet', 'Valentine', '2021-04-25');
INSERT INTO etudiants (id, nom, prenom, dateInscription) VALUES (14, 'Lecoq', 'Alex', '2020-11-20');
INSERT INTO etudiants (id, nom, prenom, dateInscription) VALUES (15, 'Jean', 'Margot', '2022-10-25');
INSERT INTO etudiants (id, nom, prenom, dateInscription) VALUES (16, 'Gosselin', 'Anouk', '2020-03-27');
INSERT INTO etudiants (id, nom, prenom, dateInscription) VALUES (17, 'Leclercq', 'Roland', '2019-11-06');
INSERT INTO etudiants (id, nom, prenom, dateInscription) VALUES (18, 'Jourdan', 'Michelle', '2021-08-27');
INSERT INTO etudiants (id, nom, prenom, dateInscription) VALUES (19, 'Baron', 'Olivie', '2021-10-10');
INSERT INTO etudiants (id, nom, prenom, dateInscription) VALUES (20, 'Durand', 'Marianne', '2020-03-08');
INSERT INTO etudiants (id, nom, prenom, dateInscription) VALUES (21, 'Paris', 'Sophie', '2022-12-18');
INSERT INTO etudiants (id, nom, prenom, dateInscription) VALUES (22, 'Didier', 'Alex', '2019-07-14');
INSERT INTO etudiants (id, nom, prenom, dateInscription) VALUES (23, 'Laroche', 'Catherine', '2022-10-09');
INSERT INTO etudiants (id, nom, prenom, dateInscription) VALUES (24, 'Bodin', 'Denis', '2020-12-11');
INSERT INTO etudiants (id, nom, prenom, dateInscription) VALUES (25, 'Lévêque', 'Bernadette', '2020-10-10');
INSERT INTO etudiants (id, nom, prenom, dateInscription) VALUES (26, 'Berthelot', 'Bertrand', '2020-05-12');
INSERT INTO etudiants (id, nom, prenom, dateInscription) VALUES (27, 'Faure', 'Roland', '2023-11-16');
INSERT INTO etudiants (id, nom, prenom, dateInscription) VALUES (28, 'Rousset', 'Michèle', '2022-10-16');
INSERT INTO etudiants (id, nom, prenom, dateInscription) VALUES (29, 'Chauveau', 'Matthieu', '2022-06-10');
INSERT INTO etudiants (id, nom, prenom, dateInscription) VALUES (30, 'Blanchard', 'Xavier', '2019-07-06');
INSERT INTO etudiants (id, nom, prenom, dateInscription) VALUES (31, 'Normand', 'Denis', '2023-08-14');
INSERT INTO etudiants (id, nom, prenom, dateInscription) VALUES (32, 'Leleu', 'Louise', '2021-10-10');
INSERT INTO etudiants (id, nom, prenom, dateInscription) VALUES (33, 'Philippe', 'Lucas', '2022-01-18');
INSERT INTO etudiants (id, nom, prenom, dateInscription) VALUES (34, 'Ruiz', 'Marcelle', '2020-08-31');
INSERT INTO etudiants (id, nom, prenom, dateInscription) VALUES (35, 'Leblanc', 'Théodore', '2021-06-21');
INSERT INTO etudiants (id, nom, prenom, dateInscription) VALUES (36, 'Martin', 'Renée', '2023-05-20');
INSERT INTO etudiants (id, nom, prenom, dateInscription) VALUES (37, 'Imbert', 'Paul', '2022-04-02');
INSERT INTO etudiants (id, nom, prenom, dateInscription) VALUES (38, 'Ribeiro', 'Corinne', '2022-04-15');
INSERT INTO etudiants (id, nom, prenom, dateInscription) VALUES (39, 'Fontaine', 'Chantal', '2022-03-22');
INSERT INTO etudiants (id, nom, prenom, dateInscription) VALUES (40, 'Lefort', 'Marine', '2020-09-19');
INSERT INTO etudiants (id, nom, prenom, dateInscription) VALUES (41, 'Hamel', 'Élodie', '2023-07-22');
INSERT INTO etudiants (id, nom, prenom, dateInscription) VALUES (42, 'Gillet', 'Simone', '2020-01-03');
INSERT INTO etudiants (id, nom, prenom, dateInscription) VALUES (43, 'Munoz', 'Suzanne', '2020-09-13');
INSERT INTO etudiants (id, nom, prenom, dateInscription) VALUES (44, 'Maillet', 'Bernadette', '2020-10-13');
INSERT INTO etudiants (id, nom, prenom, dateInscription) VALUES (45, 'Fabre', 'Marine', '2023-04-15');
INSERT INTO etudiants (id, nom, prenom, dateInscription) VALUES (46, 'Vallée', 'Benjamin', '2021-05-15');
INSERT INTO etudiants (id, nom, prenom, dateInscription) VALUES (47, 'Moreau', 'Andrée', '2019-12-07');
INSERT INTO etudiants (id, nom, prenom, dateInscription) VALUES (48, 'Lemoine', 'Claire', '2021-01-06');
INSERT INTO etudiants (id, nom, prenom, dateInscription) VALUES (49, 'Dupré', 'Jacques', '2020-12-21');
INSERT INTO etudiants (id, nom, prenom, dateInscription) VALUES (50, 'Léger', 'Agnès', '2019-06-19');
INSERT INTO etudiants (id, nom, prenom, dateInscription) VALUES (51, 'Fleury', 'Isabelle', '2023-07-20');
INSERT INTO etudiants (id, nom, prenom, dateInscription) VALUES (52, 'Hoareau', 'Alain', '2019-07-08');
INSERT INTO etudiants (id, nom, prenom, dateInscription) VALUES (53, 'Lacroix', 'Timothée', '2022-10-05');
INSERT INTO etudiants (id, nom, prenom, dateInscription) VALUES (54, 'Rivière', 'Eugène', '2022-06-03');
INSERT INTO etudiants (id, nom, prenom, dateInscription) VALUES (55, 'Dias', 'Céline', '2019-05-12');
INSERT INTO etudiants (id, nom, prenom, dateInscription) VALUES (56, 'Langlois', 'Marie', '2020-11-05');
INSERT INTO etudiants (id, nom, prenom, dateInscription) VALUES (57, 'Diallo', 'Sébastien', '2023-10-01');
INSERT INTO etudiants (id, nom, prenom, dateInscription) VALUES (58, 'Moreau', 'Jeanne', '2022-07-02');
INSERT INTO etudiants (id, nom, prenom, dateInscription) VALUES (59, 'Maurice', 'Alfred', '2023-09-01');
INSERT INTO etudiants (id, nom, prenom, dateInscription) VALUES (60, 'Blanchard', 'Roland', '2019-04-18');
INSERT INTO etudiants (id, nom, prenom, dateInscription) VALUES (61, 'Fleury', 'André', '2023-07-07');
INSERT INTO etudiants (id, nom, prenom, dateInscription) VALUES (62, 'Rocher', 'Éléonore', '2022-12-04');
INSERT INTO etudiants (id, nom, prenom, dateInscription) VALUES (63, 'Goncalves', 'Hélène', '2020-05-30');
INSERT INTO etudiants (id, nom, prenom, dateInscription) VALUES (64, 'Pichon', 'Amélie', '2019-06-19');
INSERT INTO etudiants (id, nom, prenom, dateInscription) VALUES (65, 'Vallée', 'Jeannine', '2021-12-01');
INSERT INTO etudiants (id, nom, prenom, dateInscription) VALUES (66, 'Courtois', 'Maryse', '2020-05-07');
INSERT INTO etudiants (id, nom, prenom, dateInscription) VALUES (67, 'Lebreton', 'Chantal', '2020-11-07');
INSERT INTO etudiants (id, nom, prenom, dateInscription) VALUES (68, 'Bonnin', 'Charlotte', '2021-03-01');
INSERT INTO etudiants (id, nom, prenom, dateInscription) VALUES (69, 'Chauvin', 'Hugues', '2022-11-25');
INSERT INTO etudiants (id, nom, prenom, dateInscription) VALUES (70, 'Faure', 'Maryse', '2020-06-14');
INSERT INTO etudiants (id, nom, prenom, dateInscription) VALUES (71, 'Delorme', 'Olivier', '2022-02-06');
INSERT INTO etudiants (id, nom, prenom, dateInscription) VALUES (72, 'Jacquet', 'Jean', '2021-03-23');
INSERT INTO etudiants (id, nom, prenom, dateInscription) VALUES (73, 'Traore', 'Véronique', '2021-08-18');
INSERT INTO etudiants (id, nom, prenom, dateInscription) VALUES (74, 'Perrin', 'Corinne', '2020-06-11');
INSERT INTO etudiants (id, nom, prenom, dateInscription) VALUES (75, 'Courtois', 'Gilles', '2021-07-09');
INSERT INTO etudiants (id, nom, prenom, dateInscription) VALUES (76, 'Garnier', 'Roger', '2022-02-28');
INSERT INTO etudiants (id, nom, prenom, dateInscription) VALUES (77, 'Guillon', 'Joséphine', '2023-02-04');
INSERT INTO etudiants (id, nom, prenom, dateInscription) VALUES (78, 'Morel', 'Véronique', '2021-10-02');
INSERT INTO etudiants (id, nom, prenom, dateInscription) VALUES (79, 'Salmon', 'Françoise', '2021-08-04');
INSERT INTO etudiants (id, nom, prenom, dateInscription) VALUES (80, 'Deschamps', 'Gabriel', '2020-11-04');
INSERT INTO etudiants (id, nom, prenom, dateInscription) VALUES (81, 'Lelièvre', 'René', '2019-06-14');
INSERT INTO etudiants (id, nom, prenom, dateInscription) VALUES (82, 'Hebert', 'Julie', '2020-04-26');
INSERT INTO etudiants (id, nom, prenom, dateInscription) VALUES (83, 'Breton', 'Grégoire', '2021-01-29');
INSERT INTO etudiants (id, nom, prenom, dateInscription) VALUES (84, 'Rey', 'Catherine', '2019-10-22');
INSERT INTO etudiants (id, nom, prenom, dateInscription) VALUES (85, 'Pichon', 'Susanne', '2019-04-24');
INSERT INTO etudiants (id, nom, prenom, dateInscription) VALUES (86, 'Poirier', 'Geneviève', '2023-04-03');
INSERT INTO etudiants (id, nom, prenom, dateInscription) VALUES (87, 'Roussel', 'Hortense', '2023-04-20');
INSERT INTO etudiants (id, nom, prenom, dateInscription) VALUES (88, 'Le Roux', 'Tristan', '2023-03-25');
INSERT INTO etudiants (id, nom, prenom, dateInscription) VALUES (89, 'Gimenez', 'Susanne', '2023-03-18');
INSERT INTO etudiants (id, nom, prenom, dateInscription) VALUES (90, 'Klein', 'Colette', '2021-07-13');
INSERT INTO etudiants (id, nom, prenom, dateInscription) VALUES (91, 'Delmas', 'Alfred', '2023-05-24');
INSERT INTO etudiants (id, nom, prenom, dateInscription) VALUES (92, 'Morin', 'Madeleine', '2023-01-14');
INSERT INTO etudiants (id, nom, prenom, dateInscription) VALUES (93, 'Ribeiro', 'Françoise', '2023-04-10');
INSERT INTO etudiants (id, nom, prenom, dateInscription) VALUES (94, 'Garcia', 'Hélène', '2023-10-24');
INSERT INTO etudiants (id, nom, prenom, dateInscription) VALUES (95, 'Perrier', 'Laurence', '2021-07-28');
INSERT INTO etudiants (id, nom, prenom, dateInscription) VALUES (96, 'Auger', 'Valérie', '2022-01-04');
INSERT INTO etudiants (id, nom, prenom, dateInscription) VALUES (97, 'Evrard', 'Catherine', '2019-07-24');
INSERT INTO etudiants (id, nom, prenom, dateInscription) VALUES (98, 'Lagarde', 'Aimé', '2020-02-16');
INSERT INTO etudiants (id, nom, prenom, dateInscription) VALUES (99, 'Jean', 'Christelle', '2022-11-10');
INSERT INTO etudiants (id, nom, prenom, dateInscription) VALUES (100, 'Marchal', 'Adrienne', '2019-07-26');
INSERT INTO etudiants (id, nom, prenom, dateInscription) VALUES (101, 'Dupré', 'Gabrielle', '2022-09-14');
INSERT INTO etudiants (id, nom, prenom, dateInscription) VALUES (102, 'Maillet', 'Michelle', '2021-10-23');
INSERT INTO etudiants (id, nom, prenom, dateInscription) VALUES (103, 'Maurice', 'Georges', '2022-03-23');
INSERT INTO etudiants (id, nom, prenom, dateInscription) VALUES (104, 'Bernard', 'Jules', '2022-10-28');
INSERT INTO etudiants (id, nom, prenom, dateInscription) VALUES (105, 'Thierry', 'Lorraine', '2020-12-13');
INSERT INTO etudiants (id, nom, prenom, dateInscription) VALUES (106, 'Laporte', 'Brigitte', '2020-09-04');
INSERT INTO etudiants (id, nom, prenom, dateInscription) VALUES (107, 'Aubry', 'Michelle', '2022-07-28');
INSERT INTO etudiants (id, nom, prenom, dateInscription) VALUES (108, 'Neveu', 'Martine', '2021-01-09');
INSERT INTO etudiants (id, nom, prenom, dateInscription) VALUES (109, 'Albert', 'Valentine', '2019-06-13');
INSERT INTO etudiants (id, nom, prenom, dateInscription) VALUES (110, 'Guillot', 'Aurore', '2019-08-01');
INSERT INTO etudiants (id, nom, prenom, dateInscription) VALUES (111, 'Blin', 'Arnaude', '2023-12-17');
INSERT INTO etudiants (id, nom, prenom, dateInscription) VALUES (112, 'Techer', 'Robert', '2023-10-11');
INSERT INTO etudiants (id, nom, prenom, dateInscription) VALUES (113, 'Guibert', 'Françoise', '2019-12-05');
INSERT INTO etudiants (id, nom, prenom, dateInscription) VALUES (114, 'Barbe', 'Henriette', '2024-01-26');
INSERT INTO etudiants (id, nom, prenom, dateInscription) VALUES (115, 'Klein', 'Virginie', '2021-01-10');
INSERT INTO etudiants (id, nom, prenom, dateInscription) VALUES (116, 'Duval', 'Louise', '2021-06-30');
INSERT INTO etudiants (id, nom, prenom, dateInscription) VALUES (117, 'Blanchard', 'Vincent', '2020-09-01');
INSERT INTO etudiants (id, nom, prenom, dateInscription) VALUES (118, 'Gomez', 'Roger', '2021-07-06');
INSERT INTO etudiants (id, nom, prenom, dateInscription) VALUES (119, 'Legrand', 'Suzanne', '2020-07-01');
INSERT INTO etudiants (id, nom, prenom, dateInscription) VALUES (120, 'Henry', 'Alexandre', '2020-06-13');
INSERT INTO etudiants (id, nom, prenom, dateInscription) VALUES (121, 'Collin', 'Jeanne', '2023-04-14');
INSERT INTO etudiants (id, nom, prenom, dateInscription) VALUES (122, 'Valette', 'Isaac', '2019-06-11');
INSERT INTO etudiants (id, nom, prenom, dateInscription) VALUES (123, 'Leroy', 'Frédérique', '2021-05-04');
INSERT INTO etudiants (id, nom, prenom, dateInscription) VALUES (124, 'Charrier', 'Agnès', '2020-04-23');
INSERT INTO etudiants (id, nom, prenom, dateInscription) VALUES (125, 'Teixeira', 'Philippine', '2023-08-08');
INSERT INTO etudiants (id, nom, prenom, dateInscription) VALUES (126, 'Roche', 'Emmanuel', '2020-06-19');
INSERT INTO etudiants (id, nom, prenom, dateInscription) VALUES (127, 'Bouvet', 'Agnès', '2023-07-26');
INSERT INTO etudiants (id, nom, prenom, dateInscription) VALUES (128, 'Chauveau', 'Anaïs', '2022-04-05');
INSERT INTO etudiants (id, nom, prenom, dateInscription) VALUES (129, 'Rodrigues', 'Lorraine', '2019-10-30');
INSERT INTO etudiants (id, nom, prenom, dateInscription) VALUES (130, 'Bertin', 'Élodie', '2023-02-04');
INSERT INTO etudiants (id, nom, prenom, dateInscription) VALUES (131, 'Regnier', 'Manon', '2020-04-18');
INSERT INTO etudiants (id, nom, prenom, dateInscription) VALUES (132, 'Marin', 'Aurore', '2019-12-19');
INSERT INTO etudiants (id, nom, prenom, dateInscription) VALUES (133, 'Bailly', 'Maurice', '2019-11-24');
INSERT INTO etudiants (id, nom, prenom, dateInscription) VALUES (134, 'Legendre', 'Daniel', '2023-01-17');
INSERT INTO etudiants (id, nom, prenom, dateInscription) VALUES (135, 'Raymond', 'Marine', '2020-02-14');
INSERT INTO etudiants (id, nom, prenom, dateInscription) VALUES (136, 'Gaillard', 'Alex', '2023-10-30');
INSERT INTO etudiants (id, nom, prenom, dateInscription) VALUES (137, 'Breton', 'Susanne', '2021-10-18');
INSERT INTO etudiants (id, nom, prenom, dateInscription) VALUES (138, 'Neveu', 'Suzanne', '2020-10-06');
INSERT INTO etudiants (id, nom, prenom, dateInscription) VALUES (139, 'Grégoire', 'Anaïs', '2020-08-16');
INSERT INTO etudiants (id, nom, prenom, dateInscription) VALUES (140, 'Leduc', 'Alexandrie', '2023-05-15');
INSERT INTO etudiants (id, nom, prenom, dateInscription) VALUES (141, 'Muller', 'Marcelle', '2019-09-18');
INSERT INTO etudiants (id, nom, prenom, dateInscription) VALUES (142, 'Gautier', 'Clémence', '2024-02-10');
INSERT INTO etudiants (id, nom, prenom, dateInscription) VALUES (143, 'Sanchez', 'Adélaïde', '2021-12-17');
INSERT INTO etudiants (id, nom, prenom, dateInscription) VALUES (144, 'Toussaint', 'Michelle', '2023-12-17');
INSERT INTO etudiants (id, nom, prenom, dateInscription) VALUES (145, 'Dubois', 'Joseph', '2020-10-14');
INSERT INTO etudiants (id, nom, prenom, dateInscription) VALUES (146, 'Pires', 'Marine', '2019-10-16');
INSERT INTO etudiants (id, nom, prenom, dateInscription) VALUES (147, 'Texier', 'Matthieu', '2020-08-01');
INSERT INTO etudiants (id, nom, prenom, dateInscription) VALUES (148, 'Bazin', 'Denis', '2024-02-11');
INSERT INTO etudiants (id, nom, prenom, dateInscription) VALUES (149, 'Imbert', 'Augustin', '2021-05-30');
INSERT INTO etudiants (id, nom, prenom, dateInscription) VALUES (150, 'Lecoq', 'Paulette', '2019-05-27');
INSERT INTO etudiants (id, nom, prenom, dateInscription) VALUES (151, 'Bernier', 'Alexandria', '2022-10-21');
INSERT INTO etudiants (id, nom, prenom, dateInscription) VALUES (152, 'Leclerc', 'Agathe', '2022-05-14');
INSERT INTO etudiants (id, nom, prenom, dateInscription) VALUES (153, 'Bertin', 'Jeannine', '2024-01-07');
INSERT INTO etudiants (id, nom, prenom, dateInscription) VALUES (154, 'Teixeira', 'Isabelle', '2021-12-15');
INSERT INTO etudiants (id, nom, prenom, dateInscription) VALUES (155, 'Martel', 'Adrien', '2020-01-08');
INSERT INTO etudiants (id, nom, prenom, dateInscription) VALUES (156, 'Gros', 'Édith', '2020-05-01');
INSERT INTO etudiants (id, nom, prenom, dateInscription) VALUES (157, 'Roche', 'Timothée', '2022-03-21');
INSERT INTO etudiants (id, nom, prenom, dateInscription) VALUES (158, 'Da Silva', 'Margaux', '2023-11-16');
INSERT INTO etudiants (id, nom, prenom, dateInscription) VALUES (159, 'Denis', 'Agnès', '2019-10-30');
INSERT INTO etudiants (id, nom, prenom, dateInscription) VALUES (160, 'Clerc', 'Olivier', '2023-09-09');
INSERT INTO etudiants (id, nom, prenom, dateInscription) VALUES (161, 'Chartier', 'Maggie', '2024-01-25');
INSERT INTO etudiants (id, nom, prenom, dateInscription) VALUES (162, 'Costa', 'Laetitia', '2020-09-02');
INSERT INTO etudiants (id, nom, prenom, dateInscription) VALUES (163, 'Berger', 'Denis', '2020-11-21');
INSERT INTO etudiants (id, nom, prenom, dateInscription) VALUES (164, 'Goncalves', 'Victor', '2019-04-14');
INSERT INTO etudiants (id, nom, prenom, dateInscription) VALUES (165, 'Noël', 'Madeleine', '2019-12-28');
INSERT INTO etudiants (id, nom, prenom, dateInscription) VALUES (166, 'Hardy', 'Arnaude', '2023-05-05');
INSERT INTO etudiants (id, nom, prenom, dateInscription) VALUES (167, 'Verdier', 'Julien', '2022-12-31');
INSERT INTO etudiants (id, nom, prenom, dateInscription) VALUES (168, 'Hamon', 'Eugène', '2021-01-16');
INSERT INTO etudiants (id, nom, prenom, dateInscription) VALUES (169, 'Pineau', 'Marine', '2021-12-15');
INSERT INTO etudiants (id, nom, prenom, dateInscription) VALUES (170, 'Schneider', 'Raymond', '2023-09-12');
INSERT INTO etudiants (id, nom, prenom, dateInscription) VALUES (171, 'Vidal', 'Pierre', '2020-03-05');
INSERT INTO etudiants (id, nom, prenom, dateInscription) VALUES (172, 'Merle', 'Théodore', '2022-12-07');
INSERT INTO etudiants (id, nom, prenom, dateInscription) VALUES (173, 'Guichard', 'Laurence', '2021-12-20');
INSERT INTO etudiants (id, nom, prenom, dateInscription) VALUES (174, 'Gros', 'Vincent', '2023-12-27');
INSERT INTO etudiants (id, nom, prenom, dateInscription) VALUES (175, 'Gilles', 'Danielle', '2022-12-15');
INSERT INTO etudiants (id, nom, prenom, dateInscription) VALUES (176, 'Legendre', 'Julie', '2023-08-28');
INSERT INTO etudiants (id, nom, prenom, dateInscription) VALUES (177, 'Aubert', 'Catherine', '2021-11-11');
INSERT INTO etudiants (id, nom, prenom, dateInscription) VALUES (178, 'De Oliveira', 'Antoinette', '2022-04-21');
INSERT INTO etudiants (id, nom, prenom, dateInscription) VALUES (179, 'Martinez', 'Pénélope', '2023-11-23');
INSERT INTO etudiants (id, nom, prenom, dateInscription) VALUES (180, 'Coulon', 'Chantal', '2019-08-08');
INSERT INTO etudiants (id, nom, prenom, dateInscription) VALUES (181, 'Grondin', 'Simone', '2020-06-30');
INSERT INTO etudiants (id, nom, prenom, dateInscription) VALUES (182, 'Mallet', 'Raymond', '2022-09-12');
INSERT INTO etudiants (id, nom, prenom, dateInscription) VALUES (183, 'Mercier', 'Constance', '2021-09-03');
INSERT INTO etudiants (id, nom, prenom, dateInscription) VALUES (184, 'Petitjean', 'Pierre', '2019-09-07');
INSERT INTO etudiants (id, nom, prenom, dateInscription) VALUES (185, 'Lebrun', 'Émilie', '2021-06-27');
INSERT INTO etudiants (id, nom, prenom, dateInscription) VALUES (186, 'Bourdon', 'Éléonore', '2019-03-14');
INSERT INTO etudiants (id, nom, prenom, dateInscription) VALUES (187, 'Chauvet', 'Juliette', '2021-12-28');
INSERT INTO etudiants (id, nom, prenom, dateInscription) VALUES (188, 'Giraud', 'Roland', '2019-05-19');
INSERT INTO etudiants (id, nom, prenom, dateInscription) VALUES (189, 'Camus', 'Adélaïde', '2021-12-17');
INSERT INTO etudiants (id, nom, prenom, dateInscription) VALUES (190, 'Girard', 'Éric', '2022-02-19');
INSERT INTO etudiants (id, nom, prenom, dateInscription) VALUES (191, 'Roussel', 'Claudine', '2021-01-27');
INSERT INTO etudiants (id, nom, prenom, dateInscription) VALUES (192, 'Joseph', 'Clémence', '2023-01-17');
INSERT INTO etudiants (id, nom, prenom, dateInscription) VALUES (193, 'Duhamel', 'Margaud', '2020-11-09');
INSERT INTO etudiants (id, nom, prenom, dateInscription) VALUES (194, 'Albert', 'Camille', '2019-08-21');
INSERT INTO etudiants (id, nom, prenom, dateInscription) VALUES (195, 'Perrin', 'Lucie', '2019-11-30');
INSERT INTO etudiants (id, nom, prenom, dateInscription) VALUES (196, 'Guérin', 'Marianne', '2021-07-27');
INSERT INTO etudiants (id, nom, prenom, dateInscription) VALUES (197, 'Masson', 'Dominique', '2022-04-08');
INSERT INTO etudiants (id, nom, prenom, dateInscription) VALUES (198, 'Martineau', 'Margaux', '2023-11-19');
INSERT INTO etudiants (id, nom, prenom, dateInscription) VALUES (199, 'Vincent', 'Gérard', '2023-09-14');
INSERT INTO etudiants (id, nom, prenom, dateInscription) VALUES (200, 'Rousseau', 'Inès', '2019-09-18');
INSERT INTO cours (id, titre, credits, departementId) VALUES (1, 'engage 24/365 applications', 2, 5);
INSERT INTO cours (id, titre, credits, departementId) VALUES (2, 'incubate 24/7 platforms', 4, 1);
INSERT INTO cours (id, titre, credits, departementId) VALUES (3, 'monetize sticky functionalities', 4, 7);
INSERT INTO cours (id, titre, credits, departementId) VALUES (4, 'orchestrate front-end relationships', 4, 4);
INSERT INTO cours (id, titre, credits, departementId) VALUES (5, 'maximize 24/365 systems', 4, 5);
INSERT INTO cours (id, titre, credits, departementId) VALUES (6, 'whiteboard revolutionary functionalities', 4, 3);
INSERT INTO cours (id, titre, credits, departementId) VALUES (7, 'embrace global deliverables', 2, 6);
INSERT INTO cours (id, titre, credits, departementId) VALUES (8, 'aggregate open-source platforms', 3, 1);
INSERT INTO cours (id, titre, credits, departementId) VALUES (9, 'incubate cross-media models', 4, 6);
INSERT INTO cours (id, titre, credits, departementId) VALUES (10, 'maximize collaborative e-services', 1, 2);
INSERT INTO cours (id, titre, credits, departementId) VALUES (11, 'morph value-added models', 2, 4);
INSERT INTO cours (id, titre, credits, departementId) VALUES (12, 'enable strategic technologies', 3, 1);
INSERT INTO cours (id, titre, credits, departementId) VALUES (13, 'enable best-of-breed synergies', 1, 3);
INSERT INTO cours (id, titre, credits, departementId) VALUES (14, 'optimize back-end experiences', 5, 6);
INSERT INTO cours (id, titre, credits, departementId) VALUES (15, 'mesh scalable supply-chains', 2, 2);
INSERT INTO cours (id, titre, credits, departementId) VALUES (16, 'morph e-business web-readiness', 1, 1);
INSERT INTO cours (id, titre, credits, departementId) VALUES (17, 'evolve real-time content', 4, 8);
INSERT INTO cours (id, titre, credits, departementId) VALUES (18, 'generate cutting-edge synergies', 2, 6);
INSERT INTO cours (id, titre, credits, departementId) VALUES (19, 'embrace leading-edge mindshare', 4, 1);
INSERT INTO cours (id, titre, credits, departementId) VALUES (20, 'embrace 24/7 paradigms', 4, 5);
INSERT INTO cours (id, titre, credits, departementId) VALUES (21, 'morph viral channels', 1, 2);
INSERT INTO cours (id, titre, credits, departementId) VALUES (22, 'iterate web-enabled communities', 3, 2);
INSERT INTO cours (id, titre, credits, departementId) VALUES (23, 'deploy wireless architectures', 3, 5);
INSERT INTO cours (id, titre, credits, departementId) VALUES (24, 'target rich info-mediaries', 3, 3);
INSERT INTO cours (id, titre, credits, departementId) VALUES (25, 'synthesize web-enabled architectures', 2, 5);
INSERT INTO cours (id, titre, credits, departementId) VALUES (26, 'disintermediate B2B applications', 3, 8);
INSERT INTO cours (id, titre, credits, departementId) VALUES (27, 'utilize compelling initiatives', 1, 4);
INSERT INTO cours (id, titre, credits, departementId) VALUES (28, 'transition 24/365 experiences', 3, 6);
INSERT INTO cours (id, titre, credits, departementId) VALUES (29, 'synthesize cross-media web-readiness', 4, 1);
INSERT INTO cours (id, titre, credits, departementId) VALUES (30, 'innovate extensible initiatives', 2, 4);
INSERT INTO cours (id, titre, credits, departementId) VALUES (31, 'transition seamless technologies', 1, 1);
INSERT INTO cours (id, titre, credits, departementId) VALUES (32, 'enhance out-of-the-box web-readiness', 4, 8);
INSERT INTO cours (id, titre, credits, departementId) VALUES (33, 'iterate efficient e-commerce', 5, 1);
INSERT INTO cours (id, titre, credits, departementId) VALUES (34, 'visualize world-class e-tailers', 5, 3);
INSERT INTO cours (id, titre, credits, departementId) VALUES (35, 'leverage synergistic systems', 1, 7);
INSERT INTO cours (id, titre, credits, departementId) VALUES (36, 'matrix cross-platform e-business', 1, 6);
INSERT INTO cours (id, titre, credits, departementId) VALUES (37, 'e-enable scalable action-items', 1, 7);
INSERT INTO cours (id, titre, credits, departementId) VALUES (38, 'repurpose plug-and-play vortals', 5, 2);
INSERT INTO cours (id, titre, credits, departementId) VALUES (39, 'embrace ubiquitous applications', 3, 3);
INSERT INTO cours (id, titre, credits, departementId) VALUES (40, 'iterate 24/365 functionalities', 2, 6);
INSERT INTO salles (id, nom, capacite) VALUES (1, 'Salle 1', 40);
INSERT INTO salles (id, nom, capacite) VALUES (2, 'Salle 2', 72);
INSERT INTO salles (id, nom, capacite) VALUES (3, 'Salle 3', 18);
INSERT INTO salles (id, nom, capacite) VALUES (4, 'Salle 4', 50);
INSERT INTO salles (id, nom, capacite) VALUES (5, 'Salle 5', 76);
INSERT INTO salles (id, nom, capacite) VALUES (6, 'Salle 6', 66);
INSERT INTO salles (id, nom, capacite) VALUES (7, 'Salle 7', 43);
INSERT INTO salles (id, nom, capacite) VALUES (8, 'Salle 8', 39);
INSERT INTO salles (id, nom, capacite) VALUES (9, 'Salle 9', 93);
INSERT INTO salles (id, nom, capacite) VALUES (10, 'Salle 10', 63);
INSERT INTO salles (id, nom, capacite) VALUES (11, 'Salle 11', 44);
INSERT INTO salles (id, nom, capacite) VALUES (12, 'Salle 12', 71);
INSERT INTO salles (id, nom, capacite) VALUES (13, 'Salle 13', 66);
INSERT INTO salles (id, nom, capacite) VALUES (14, 'Salle 14', 93);
INSERT INTO salles (id, nom, capacite) VALUES (15, 'Salle 15', 37);
INSERT INTO specialisations (id, nom, departementId) VALUES (1, 'entraîneur de chevaux', 7);
INSERT INTO specialisations (id, nom, departementId) VALUES (2, 'enseignant-chercheur', 3);
INSERT INTO specialisations (id, nom, departementId) VALUES (3, 'ingénieur qualité moteur', 3);
INSERT INTO specialisations (id, nom, departementId) VALUES (4, 'secrétaire de rédaction', 6);
INSERT INTO specialisations (id, nom, departementId) VALUES (5, 'programmiste', 3);
INSERT INTO specialisations (id, nom, departementId) VALUES (6, 'agent de transit', 8);
INSERT INTO specialisations (id, nom, departementId) VALUES (7, 'scripte', 4);
INSERT INTO specialisations (id, nom, departementId) VALUES (8, 'énergéticien', 7);
INSERT INTO specialisations (id, nom, departementId) VALUES (9, 'ingénieur plasturgiste', 1);
INSERT INTO specialisations (id, nom, departementId) VALUES (10, 'conducteur de travaux', 2);
INSERT INTO activites (id, nom, description, departementId) VALUES (1, 'Le droit de concrétiser vos projets de manière sûre', 'Dès amour confondre effet découvrir autour voyager. Honte cours que secret sembler soumettre construire état. Vieil atteindre droit je détail mon saint le.', 1);
INSERT INTO activites (id, nom, description, departementId) VALUES (2, 'Le droit de changer avant-tout', 'Éviter nouveau chute avis. Lettre retomber retrouver. Confondre pencher train presser.', 6);
INSERT INTO activites (id, nom, description, departementId) VALUES (3, 'L''avantage de changer plus rapidement', 'Tenir glace témoin derrière mêler douceur. Sommet puis changement queue résoudre chemise.', 7);
INSERT INTO activites (id, nom, description, departementId) VALUES (4, 'La liberté de concrétiser vos projets plus rapidement', 'Car apercevoir long prévoir ministre rapide demain tenter. Éternel sonner bande lit masse autre haine. Revoir autrement étendue exécuter.', 7);
INSERT INTO activites (id, nom, description, departementId) VALUES (5, 'Le pouvoir d''atteindre vos buts autrement', 'Discours lumière éclairer autant. Ce absolu époque approcher violence épais. Tôt envoyer ouvrir sembler.', 3);
INSERT INTO activites (id, nom, description, departementId) VALUES (6, 'Le droit de rouler plus facilement', 'Habitant attention rouge soit. Anglais voiture siècle juste. Tour poids bord confier quartier.', 5);
INSERT INTO activites (id, nom, description, departementId) VALUES (7, 'La liberté d''évoluer en toute tranquilité', 'Bas reconnaître vert moitié. Parfaitement sourire passé placer déchirer deux colère.', 3);
INSERT INTO activites (id, nom, description, departementId) VALUES (8, 'L''art d''avancer de manière efficace', 'Asseoir drame yeux simple loin demander. Considérer d''abord alors créer geste.', 8);
INSERT INTO activites (id, nom, description, departementId) VALUES (9, 'L''assurance de louer sans soucis', 'Tombe palais enfin paysan rêver miser chaleur amener. Papier ligne vivant.', 6);
INSERT INTO activites (id, nom, description, departementId) VALUES (10, 'La possibilité de concrétiser vos projets en toute tranquilité', 'Rompre mensonge gris joue déclarer écouter. Lutter religion soir champ somme peser. Cheval feuille rocher secours disposer intelligence est.', 8);
INSERT INTO activites (id, nom, description, departementId) VALUES (11, 'Le confort d''évoluer à la pointe', 'Tendre papier plante calmer veiller attacher. Quant À vraiment paysan page. Coeur dos cou envelopper mauvais pendre voyage.', 5);
INSERT INTO activites (id, nom, description, departementId) VALUES (12, 'Le plaisir d''atteindre vos buts de manière efficace', 'Appeler unique moyen violent. Sortir instinct hiver montagne. Composer madame prendre visage but peau eaux.', 3);
INSERT INTO personnel (id, nom, prenom, poste, departementId) VALUES (1, 'Dumont', 'Pierre', 'maçon', 6);
INSERT INTO personnel (id, nom, prenom, poste, departementId) VALUES (2, 'Delannoy', 'Laurent', 'credit manager', 8);
INSERT INTO personnel (id, nom, prenom, poste, departementId) VALUES (3, 'Didier', 'Guy', 'ouvrier paysagiste', 5);
INSERT INTO personnel (id, nom, prenom, poste, departementId) VALUES (4, 'Bertin', 'Lucy', 'secrétaire médical', 2);
INSERT INTO personnel (id, nom, prenom, poste, departementId) VALUES (5, 'Normand', 'Inès', 'aide-soignant', 7);
INSERT INTO personnel (id, nom, prenom, poste, departementId) VALUES (6, 'Da Costa', 'Thibaut', 'ingénieur production en mécanique', 5);
INSERT INTO personnel (id, nom, prenom, poste, departementId) VALUES (7, 'Da Silva', 'Jeanne', 'chargé d''études naturalistes', 5);
INSERT INTO personnel (id, nom, prenom, poste, departementId) VALUES (8, 'Delmas', 'Laurence', 'rédacteur en chef', 8);
INSERT INTO personnel (id, nom, prenom, poste, departementId) VALUES (9, 'Gros', 'Pierre', 'agent immobilier immobilière', 2);
INSERT INTO personnel (id, nom, prenom, poste, departementId) VALUES (10, 'Ledoux', 'Renée', 'actuaire', 6);
INSERT INTO personnel (id, nom, prenom, poste, departementId) VALUES (11, 'Lelièvre', 'Jérôme', 'technicien de maintenance industrielle', 1);
INSERT INTO personnel (id, nom, prenom, poste, departementId) VALUES (12, 'Jourdan', 'Vincent', 'traducteur technique', 3);
INSERT INTO personnel (id, nom, prenom, poste, departementId) VALUES (13, 'Vidal', 'Alex', 'botaniste', 8);
INSERT INTO personnel (id, nom, prenom, poste, departementId) VALUES (14, 'Gaudin', 'Théodore', 'pédiatre', 8);
INSERT INTO personnel (id, nom, prenom, poste, departementId) VALUES (15, 'Morel', 'Frédérique', 'conducteur de ligne de production alimentaire', 8);
INSERT INTO personnel (id, nom, prenom, poste, departementId) VALUES (16, 'Martinez', 'Valentine', 'ingénieur en imagerie médicale', 1);
INSERT INTO personnel (id, nom, prenom, poste, departementId) VALUES (17, 'Maillot', 'Isaac', 'gestionnaire actif/passif', 2);
INSERT INTO personnel (id, nom, prenom, poste, departementId) VALUES (18, 'Rolland', 'Valentine', 'responsable du soutien logistique intégré', 8);
INSERT INTO personnel (id, nom, prenom, poste, departementId) VALUES (19, 'Duhamel', 'Océane', 'technicien qualité', 6);
INSERT INTO personnel (id, nom, prenom, poste, departementId) VALUES (20, 'Peltier', 'Jules', 'chargé de pharmacovigilance', 4);
INSERT INTO personnel (id, nom, prenom, poste, departementId) VALUES (21, 'Barthelemy', 'Suzanne', 'chef de cultures légumières', 8);
INSERT INTO personnel (id, nom, prenom, poste, departementId) VALUES (22, 'Marion', 'Françoise', 'architecte produit industriel', 3);
INSERT INTO personnel (id, nom, prenom, poste, departementId) VALUES (23, 'Nguyen', 'Roland', 'responsable approvisionnement', 4);
INSERT INTO personnel (id, nom, prenom, poste, departementId) VALUES (24, 'Bertrand', 'Isaac', 'accessoiriste', 3);
INSERT INTO personnel (id, nom, prenom, poste, departementId) VALUES (25, 'Toussaint', 'Laetitia', 'anatomiste', 7);
INSERT INTO personnel (id, nom, prenom, poste, departementId) VALUES (26, 'Legros', 'Julien', 'bottier', 6);
INSERT INTO personnel (id, nom, prenom, poste, departementId) VALUES (27, 'Lopez', 'Diane', 'spécialiste des affaires réglementaires en chimie', 1);
INSERT INTO personnel (id, nom, prenom, poste, departementId) VALUES (28, 'Tessier', 'Hugues', 'prothésiste dentaire', 2);
INSERT INTO personnel (id, nom, prenom, poste, departementId) VALUES (29, 'Thomas', 'Hortense', 'ingénieur en caractérisation des matériaux', 3);
INSERT INTO personnel (id, nom, prenom, poste, departementId) VALUES (30, 'Grondin', 'Émilie', 'monteur en réseaux de distribution électrique', 3);
INSERT INTO livres (id, titre, auteur, anneePublication, disponible) VALUES (1, 'L''art d''évoluer de manière efficace', 'Martin Lemonnier', 1916, False);
INSERT INTO livres (id, titre, auteur, anneePublication, disponible) VALUES (2, 'Le plaisir de concrétiser vos projets plus rapidement', 'Thierry Gautier', 1999, True);
INSERT INTO livres (id, titre, auteur, anneePublication, disponible) VALUES (3, 'L''assurance de changer à la pointe', 'Paul Perrot', 1975, False);
INSERT INTO livres (id, titre, auteur, anneePublication, disponible) VALUES (4, 'Le plaisir de louer à la pointe', 'Patrick Boutin-Gomes', 1946, True);
INSERT INTO livres (id, titre, auteur, anneePublication, disponible) VALUES (5, 'La liberté d''évoluer de manière efficace', 'Emmanuelle Mace', 1938, True);
INSERT INTO livres (id, titre, auteur, anneePublication, disponible) VALUES (6, 'L''avantage de concrétiser vos projets sans soucis', 'Gilles Blot', 1984, False);
INSERT INTO livres (id, titre, auteur, anneePublication, disponible) VALUES (7, 'L''avantage de louer naturellement', 'Thibaut Parent', 1944, False);
INSERT INTO livres (id, titre, auteur, anneePublication, disponible) VALUES (8, 'Le pouvoir de concrétiser vos projets de manière sûre', 'Camille Jacques', 1902, False);
INSERT INTO livres (id, titre, auteur, anneePublication, disponible) VALUES (9, 'Le pouvoir d''évoluer de manière efficace', 'André Robert', 1914, False);
INSERT INTO livres (id, titre, auteur, anneePublication, disponible) VALUES (10, 'L''assurance de changer en toute tranquilité', 'Martin Leroy Le Boyer', 1955, True);
INSERT INTO livres (id, titre, auteur, anneePublication, disponible) VALUES (11, 'La liberté de changer avant-tout', 'Maggie-Anouk Georges', 1987, False);
INSERT INTO livres (id, titre, auteur, anneePublication, disponible) VALUES (12, 'La possibilité de concrétiser vos projets à sa source', 'Rémy Allain-Leblanc', 1934, True);
INSERT INTO livres (id, titre, auteur, anneePublication, disponible) VALUES (13, 'Le droit de changer sans soucis', 'Philippine-Alex Blot', 1937, False);
INSERT INTO livres (id, titre, auteur, anneePublication, disponible) VALUES (14, 'L''avantage de changer en toute tranquilité', 'Tristan Bodin', 1929, True);
INSERT INTO livres (id, titre, auteur, anneePublication, disponible) VALUES (15, 'L''assurance d''atteindre vos buts de manière efficace', 'Henri Torres', 1953, False);
INSERT INTO livres (id, titre, auteur, anneePublication, disponible) VALUES (16, 'Le confort de rouler plus rapidement', 'Gabrielle Rémy', 1955, False);
INSERT INTO livres (id, titre, auteur, anneePublication, disponible) VALUES (17, 'L''art d''innover à l''état pur', 'Caroline Fernandez', 1912, False);
INSERT INTO livres (id, titre, auteur, anneePublication, disponible) VALUES (18, 'L''assurance d''avancer en toute tranquilité', 'Paul Guyon', 1955, True);
INSERT INTO livres (id, titre, auteur, anneePublication, disponible) VALUES (19, 'La possibilité de changer en toute tranquilité', 'Stéphane de la Muller', 1951, True);
INSERT INTO livres (id, titre, auteur, anneePublication, disponible) VALUES (20, 'L''avantage d''évoluer plus rapidement', 'Nathalie Maury', 1995, False);
INSERT INTO livres (id, titre, auteur, anneePublication, disponible) VALUES (21, 'L''assurance de changer en toute tranquilité', 'Benoît Carpentier', 1915, False);
INSERT INTO livres (id, titre, auteur, anneePublication, disponible) VALUES (22, 'Le pouvoir de rouler de manière sûre', 'Alix Rémy du Moreno', 1943, True);
INSERT INTO livres (id, titre, auteur, anneePublication, disponible) VALUES (23, 'L''assurance d''avancer à l''état pur', 'Antoinette-Camille Lefort', 1946, False);
INSERT INTO livres (id, titre, auteur, anneePublication, disponible) VALUES (24, 'Le plaisir de rouler en toute tranquilité', 'Daniel Allain Le Gautier', 2016, False);
INSERT INTO livres (id, titre, auteur, anneePublication, disponible) VALUES (25, 'L''assurance d''innover naturellement', 'Benoît Guichard de la Clerc', 1961, True);
INSERT INTO livres (id, titre, auteur, anneePublication, disponible) VALUES (26, 'La possibilité d''innover naturellement', 'David Bruneau-Faivre', 2002, True);
INSERT INTO livres (id, titre, auteur, anneePublication, disponible) VALUES (27, 'L''avantage d''avancer de manière sûre', 'Margaret Lemonnier', 1904, False);
INSERT INTO livres (id, titre, auteur, anneePublication, disponible) VALUES (28, 'Le droit de changer avant-tout', 'Pénélope Marion', 1995, False);
INSERT INTO livres (id, titre, auteur, anneePublication, disponible) VALUES (29, 'La possibilité d''atteindre vos buts à la pointe', 'Alice Gilbert-Letellier', 2021, False);
INSERT INTO livres (id, titre, auteur, anneePublication, disponible) VALUES (30, 'L''avantage d''atteindre vos buts autrement', 'Victoire Étienne', 2013, True);
INSERT INTO livres (id, titre, auteur, anneePublication, disponible) VALUES (31, 'Le pouvoir de changer naturellement', 'Thierry Marin-Albert', 1978, True);
INSERT INTO livres (id, titre, auteur, anneePublication, disponible) VALUES (32, 'Le droit de louer de manière sûre', 'Élodie de Munoz', 2023, True);
INSERT INTO livres (id, titre, auteur, anneePublication, disponible) VALUES (33, 'La possibilité de louer à la pointe', 'Nicole Schneider du Adam', 1906, True);
INSERT INTO livres (id, titre, auteur, anneePublication, disponible) VALUES (34, 'Le droit de changer avant-tout', 'Alphonse Leroux du Diaz', 1982, False);
INSERT INTO livres (id, titre, auteur, anneePublication, disponible) VALUES (35, 'L''assurance d''avancer à la pointe', 'Dorothée Marie', 2019, False);
INSERT INTO livres (id, titre, auteur, anneePublication, disponible) VALUES (36, 'L''avantage d''innover naturellement', 'Henriette Charrier de la Potier', 1924, False);
INSERT INTO livres (id, titre, auteur, anneePublication, disponible) VALUES (37, 'La liberté d''innover à l''état pur', 'Olivier-Timothée Adam', 1985, True);
INSERT INTO livres (id, titre, auteur, anneePublication, disponible) VALUES (38, 'Le pouvoir d''innover à la pointe', 'Joseph Marie', 1911, False);
INSERT INTO livres (id, titre, auteur, anneePublication, disponible) VALUES (39, 'Le plaisir d''atteindre vos buts de manière efficace', 'Joséphine Diaz', 1936, False);
INSERT INTO livres (id, titre, auteur, anneePublication, disponible) VALUES (40, 'Le droit de rouler à l''état pur', 'Christophe Raynaud', 1964, False);
INSERT INTO livres (id, titre, auteur, anneePublication, disponible) VALUES (41, 'Le pouvoir d''évoluer de manière efficace', 'Franck Bourgeois', 1939, True);
INSERT INTO livres (id, titre, auteur, anneePublication, disponible) VALUES (42, 'L''avantage d''évoluer autrement', 'Arthur-Nicolas Costa', 1978, True);
INSERT INTO livres (id, titre, auteur, anneePublication, disponible) VALUES (43, 'L''art d''avancer naturellement', 'Franck Boucher', 2002, True);
INSERT INTO livres (id, titre, auteur, anneePublication, disponible) VALUES (44, 'L''art de changer naturellement', 'Gabriel Fernandes', 1950, True);
INSERT INTO livres (id, titre, auteur, anneePublication, disponible) VALUES (45, 'Le confort d''innover à la pointe', 'Margot Guichard', 1997, True);
INSERT INTO livres (id, titre, auteur, anneePublication, disponible) VALUES (46, 'La liberté de concrétiser vos projets de manière sûre', 'Nicole Barbier', 1900, True);
INSERT INTO livres (id, titre, auteur, anneePublication, disponible) VALUES (47, 'L''avantage de changer à la pointe', 'Martine Pinto', 1960, False);
INSERT INTO livres (id, titre, auteur, anneePublication, disponible) VALUES (48, 'Le confort de louer de manière efficace', 'Emmanuel Laroche-Arnaud', 2022, False);
INSERT INTO livres (id, titre, auteur, anneePublication, disponible) VALUES (49, 'La possibilité d''évoluer en toute tranquilité', 'Jacqueline Paul-Huet', 1930, True);
INSERT INTO livres (id, titre, auteur, anneePublication, disponible) VALUES (50, 'Le confort d''atteindre vos buts à la pointe', 'Chantal-Adèle Pruvost', 2002, False);
INSERT INTO livres (id, titre, auteur, anneePublication, disponible) VALUES (51, 'L''assurance de changer à sa source', 'Suzanne Rousseau', 1916, False);
INSERT INTO livres (id, titre, auteur, anneePublication, disponible) VALUES (52, 'L''art d''innover plus rapidement', 'Charlotte Rémy-Salmon', 1902, False);
INSERT INTO livres (id, titre, auteur, anneePublication, disponible) VALUES (53, 'La possibilité de rouler plus rapidement', 'Bertrand Laurent', 1922, True);
INSERT INTO livres (id, titre, auteur, anneePublication, disponible) VALUES (54, 'L''assurance de rouler à sa source', 'Nicole Masse', 1936, True);
INSERT INTO livres (id, titre, auteur, anneePublication, disponible) VALUES (55, 'L''assurance de rouler à sa source', 'Nathalie-Pauline Coste', 1901, False);
INSERT INTO livres (id, titre, auteur, anneePublication, disponible) VALUES (56, 'La possibilité de louer à l''état pur', 'Michel Bertin', 1959, False);
INSERT INTO livres (id, titre, auteur, anneePublication, disponible) VALUES (57, 'La liberté de louer de manière sûre', 'David-Christophe Leconte', 2006, False);
INSERT INTO livres (id, titre, auteur, anneePublication, disponible) VALUES (58, 'La liberté de concrétiser vos projets sans soucis', 'Roland Delaunay', 1985, False);
INSERT INTO livres (id, titre, auteur, anneePublication, disponible) VALUES (59, 'L''art d''atteindre vos buts de manière sûre', 'Richard du Georges', 1932, True);
INSERT INTO livres (id, titre, auteur, anneePublication, disponible) VALUES (60, 'Le droit d''avancer de manière sûre', 'Julie Le Fischer', 1919, False);
INSERT INTO livres (id, titre, auteur, anneePublication, disponible) VALUES (61, 'L''art d''évoluer sans soucis', 'Robert Breton du Durand', 1918, False);
INSERT INTO livres (id, titre, auteur, anneePublication, disponible) VALUES (62, 'Le pouvoir de louer à la pointe', 'Pauline De Oliveira', 1987, False);
INSERT INTO livres (id, titre, auteur, anneePublication, disponible) VALUES (63, 'L''assurance de concrétiser vos projets à l''état pur', 'Gabriel Vallée du Tanguy', 1985, False);
INSERT INTO livres (id, titre, auteur, anneePublication, disponible) VALUES (64, 'L''assurance de louer sans soucis', 'Josette Marchand de Chartier', 2008, True);
INSERT INTO livres (id, titre, auteur, anneePublication, disponible) VALUES (65, 'L''avantage de concrétiser vos projets en toute tranquilité', 'Pénélope Descamps', 2013, False);
INSERT INTO livres (id, titre, auteur, anneePublication, disponible) VALUES (66, 'L''avantage de concrétiser vos projets de manière efficace', 'Nath Le Nicolas', 2001, False);
INSERT INTO livres (id, titre, auteur, anneePublication, disponible) VALUES (67, 'L''art d''innover plus facilement', 'Renée Le Bernard', 2000, True);
INSERT INTO livres (id, titre, auteur, anneePublication, disponible) VALUES (68, 'Le plaisir d''avancer plus rapidement', 'Roger Normand', 1919, False);
INSERT INTO livres (id, titre, auteur, anneePublication, disponible) VALUES (69, 'L''avantage d''avancer à l''état pur', 'Pauline Lelièvre du Caron', 1908, True);
INSERT INTO livres (id, titre, auteur, anneePublication, disponible) VALUES (70, 'L''art de changer de manière sûre', 'Robert Guyon-Petitjean', 1973, True);
INSERT INTO livres (id, titre, auteur, anneePublication, disponible) VALUES (71, 'L''assurance de changer de manière efficace', 'Laurent Tessier', 1999, False);
INSERT INTO livres (id, titre, auteur, anneePublication, disponible) VALUES (72, 'Le droit d''atteindre vos buts naturellement', 'Laurent Fischer', 1968, True);
INSERT INTO livres (id, titre, auteur, anneePublication, disponible) VALUES (73, 'L''avantage d''évoluer plus rapidement', 'Olivie Blot', 1946, False);
INSERT INTO livres (id, titre, auteur, anneePublication, disponible) VALUES (74, 'Le plaisir de louer sans soucis', 'Anastasie Allard-Bigot', 1977, True);
INSERT INTO livres (id, titre, auteur, anneePublication, disponible) VALUES (75, 'La liberté de rouler de manière sûre', 'Bernard Le Pelletier', 1934, True);
INSERT INTO livres (id, titre, auteur, anneePublication, disponible) VALUES (76, 'Le plaisir de concrétiser vos projets à sa source', 'Martine Mary', 1956, True);
INSERT INTO livres (id, titre, auteur, anneePublication, disponible) VALUES (77, 'L''assurance d''innover à l''état pur', 'Brigitte Carlier-Fabre', 1933, True);
INSERT INTO livres (id, titre, auteur, anneePublication, disponible) VALUES (78, 'Le plaisir de concrétiser vos projets avant-tout', 'Eugène Carpentier', 1900, False);
INSERT INTO livres (id, titre, auteur, anneePublication, disponible) VALUES (79, 'L''avantage d''évoluer naturellement', 'Arthur Le Olivier', 2012, False);
INSERT INTO livres (id, titre, auteur, anneePublication, disponible) VALUES (80, 'L''avantage d''innover avant-tout', 'Martine Lefebvre', 1954, False);
INSERT INTO livres (id, titre, auteur, anneePublication, disponible) VALUES (81, 'Le confort de rouler sans soucis', 'Sylvie Joly', 2019, True);
INSERT INTO livres (id, titre, auteur, anneePublication, disponible) VALUES (82, 'Le plaisir d''innover en toute tranquilité', 'Jeanne Barre', 1977, False);
INSERT INTO livres (id, titre, auteur, anneePublication, disponible) VALUES (83, 'Le droit d''innover sans soucis', 'Benoît Fernandes', 1987, True);
INSERT INTO livres (id, titre, auteur, anneePublication, disponible) VALUES (84, 'Le pouvoir de louer à sa source', 'Antoine Carpentier', 1956, True);
INSERT INTO livres (id, titre, auteur, anneePublication, disponible) VALUES (85, 'La liberté d''avancer de manière efficace', 'Franck Joseph', 1960, True);
INSERT INTO livres (id, titre, auteur, anneePublication, disponible) VALUES (86, 'Le confort de concrétiser vos projets en toute tranquilité', 'Sébastien Vidal', 1904, True);
INSERT INTO livres (id, titre, auteur, anneePublication, disponible) VALUES (87, 'L''assurance d''évoluer à sa source', 'Camille Carpentier', 1958, True);
INSERT INTO livres (id, titre, auteur, anneePublication, disponible) VALUES (88, 'Le plaisir d''atteindre vos buts naturellement', 'Maurice Fabre', 1992, False);
INSERT INTO livres (id, titre, auteur, anneePublication, disponible) VALUES (89, 'La liberté de rouler sans soucis', 'Jules-Gérard Marchal', 1962, True);
INSERT INTO livres (id, titre, auteur, anneePublication, disponible) VALUES (90, 'L''avantage de concrétiser vos projets plus rapidement', 'Étienne Descamps', 1906, True);
INSERT INTO livres (id, titre, auteur, anneePublication, disponible) VALUES (91, 'L''art de rouler avant-tout', 'Léon Lemaître', 1931, False);
INSERT INTO livres (id, titre, auteur, anneePublication, disponible) VALUES (92, 'La possibilité de changer à l''état pur', 'Patrick Pascal de la Renault', 1932, True);
INSERT INTO livres (id, titre, auteur, anneePublication, disponible) VALUES (93, 'L''avantage d''atteindre vos buts plus facilement', 'Sophie Marie', 1930, False);
INSERT INTO livres (id, titre, auteur, anneePublication, disponible) VALUES (94, 'Le confort d''atteindre vos buts de manière sûre', 'Julien Robert', 1907, True);
INSERT INTO livres (id, titre, auteur, anneePublication, disponible) VALUES (95, 'La possibilité d''évoluer à la pointe', 'Juliette Brun', 1905, True);
INSERT INTO livres (id, titre, auteur, anneePublication, disponible) VALUES (96, 'Le plaisir de changer plus facilement', 'Margot Fernandes', 1986, False);
INSERT INTO livres (id, titre, auteur, anneePublication, disponible) VALUES (97, 'Le plaisir de rouler plus rapidement', 'Sébastien de la Moreau', 1938, False);
INSERT INTO livres (id, titre, auteur, anneePublication, disponible) VALUES (98, 'Le confort d''avancer à l''état pur', 'Nicole Wagner du Benard', 1927, False);
INSERT INTO livres (id, titre, auteur, anneePublication, disponible) VALUES (99, 'La possibilité d''avancer en toute tranquilité', 'Vincent-Benjamin Fernandes', 1956, False);
INSERT INTO livres (id, titre, auteur, anneePublication, disponible) VALUES (100, 'La possibilité de louer de manière efficace', 'Philippine Legendre', 2014, True);
INSERT INTO professeurs (id, nom, prenom, email, departementId) VALUES (51, 'Dupont', 'Jean', 'jdupont@example.com', 2);
INSERT INTO etudiants (id, nom, prenom, dateInscription) VALUES (201, 'Martin', 'Lucas', '2023-01-05');

INSERT INTO cours (id, titre, credits, departementId) VALUES (41, 'Analyser les systèmes extensibles', 3, 3);
INSERT INTO salles (id, nom, capacite) VALUES (16, 'Salle 16', 50);
INSERT INTO specialisations (id, nom, departementId) VALUES (11, 'chirurgien cardiaque', 5);
INSERT INTO activites (id, nom, description, departementId) VALUES (13, 'Le tennis', 'Activité sportive avec raquette', 2);
INSERT INTO personnel (id, nom, prenom, poste, departementId) VALUES (31, 'Martin', 'Lucas', 'Comptable', 3);
INSERT INTO livres (id, titre, auteur, anneePublication, disponible) VALUES (101, 'Les systèmes extensibles', 'Martin Dupont', 2022, True);
INSERT INTO emprunts (id, livreId, etudiantId, dateEmprunt, dateRetour) VALUES (1, 101, 201, '2023-01-10', '2023-02-10');

INSERT INTO etudiantsSpecialisations (etudiantId, specialisationId, dateDebut)
VALUES
(201, 2, '2023-01-10'),
(201, 5, '2023-01-10');

INSERT INTO horairesCours (id, coursId, professeurId, salleId, jourSemaine, heureDebut, heureFin)

VALUES
(1, 41, 51, 16, 'Lundi', '08:00', '10:00'),
(2, 41, 51, 16, 'Mercredi', '10:00', '12:00');

INSERT INTO inscriptions (id, etudiantId, coursId, note)
VALUES
(1, 201, 41, null);

INSERT INTO participationActivites (etudiantID, activiteID, anneeParticipation)

VALUES
(201, 13, 2023);

INSERT INTO professeursCours (professeurId, coursId)
VALUES
(51, 41);

INSERT INTO projets (id, titre, description, dateDebut, dateFin, budget, etudiant_id, professeur_id, departement_id)
VALUES 
(1, 'Projet Alpha', 'Description du projet Alpha', '2023-01-01', '2023-06-30', 15000, 1, 1, 1),
(2, 'Projet Beta', 'Description du projet Beta', '2023-02-01', null, 10000, 2, 2, 2), 
(3, 'Projet Gamma', 'Description du projet Gamma', '2023-03-01', '2024-02-28', 20000, 3, 3, 3);


INSERT INTO projets_cours (projet_id, cours_id)
VALUES
(1, 1),
(1, 2),
(2, 3),
(3, 4), 
(3, 5),
(1, 3),
(2, 4),
(2, 5),
(3, 6),

(4, 7),
(5, 8);
 

INSERT INTO projets (id, titre, description, dateDebut, dateFin, budget, etudiant_id, professeur_id, departement_id)
VALUES
(6, 'Projet Delta', 'Description du projet Delta', '2023-04-01', '2023-09-15', 18000, 4, 4, 4),
(7, 'Projet Epsilon', 'Description du projet Epsilon', '2023-05-01', '2024-04-30', 22000, 5, 5, 5),
(8, 'Projet Zêta', 'Description du projet Zêta', '2023-06-01', null, 12000, 6, 6, 6),
(9, 'Projet Eta', 'Description du projet Eta', '2023-07-01', '2024-01-15', 14000, 7, 7, 7), 
(10, 'Projet Thêta', 'Description du projet Thêta', '2023-08-01', '2024-03-31', 16000, 8, 8, 8);
